epoch,time,train/box_loss,train/cls_loss,train/dfl_loss,metrics/precision(B),metrics/recall(B),metrics/mAP50(B),metrics/mAP50-95(B),val/box_loss,val/cls_loss,val/dfl_loss,lr/pg0,lr/pg1,lr/pg2
1,6.35187,1.48074,2.82464,1.89592,0.76236,0.37891,0.74788,0.44053,0.90905,2.75794,1.19636,0.00062,0.00062,0.00062
2,11.641,0.69348,1.43092,1.27794,0.97552,0.94153,0.98979,0.74064,0.97752,1.71878,1.27473,0.00124753,0.00124753,0.00124753
3,16.8155,0.67009,1.24558,1.26724,0.34195,0.54331,0.35248,0.10943,2.19061,4.29852,2.23182,0.00186238,0.00186238,0.00186238
4,21.9529,0.6499,1.10048,1.22862,0.7404,0.74016,0.7747,0.54668,1.17174,2.00587,1.77246,0.0019406,0.0019406,0.0019406
5,27.3075,0.59406,0.97336,1.16131,0.86281,0.92126,0.96907,0.82821,0.69148,1.33878,1.07952,0.0019208,0.0019208,0.0019208
6,32.7757,0.55254,0.85877,1.13574,0.97204,0.9685,0.99145,0.79032,0.83936,0.77583,1.12154,0.001901,0.001901,0.001901
7,38.234,0.49515,0.73245,1.08159,1,0.95924,0.99424,0.78994,0.76856,0.85863,1.02723,0.0018812,0.0018812,0.0018812
8,43.7903,0.4802,0.64908,1.08964,0.97359,0.99213,0.99344,0.82936,0.70289,0.74186,0.99101,0.0018614,0.0018614,0.0018614
9,49.3979,0.44383,0.56143,1.04538,0.99977,1,0.995,0.89944,0.52348,0.52431,0.87905,0.0018416,0.0018416,0.0018416
10,55.3209,0.41407,0.51438,1.02323,0.98445,0.99692,0.99469,0.86812,0.59199,0.52413,0.91903,0.0018218,0.0018218,0.0018218
11,61.7275,0.42376,0.48644,1.01787,0.99211,0.99011,0.99484,0.88046,0.57514,0.56319,0.89062,0.001802,0.001802,0.001802
12,68.1587,0.37714,0.42309,0.98911,0.99088,0.97638,0.99423,0.85371,0.62106,0.50892,0.92731,0.0017822,0.0017822,0.0017822
13,74.5319,0.37978,0.41302,1.00691,0.98536,0.99213,0.99476,0.8796,0.50969,0.50027,0.82632,0.0017624,0.0017624,0.0017624
14,81.0038,0.32769,0.3739,0.96809,0.99862,0.98425,0.99484,0.89281,0.53559,0.39648,0.83336,0.0017426,0.0017426,0.0017426
15,87.2815,0.29518,0.33509,0.94486,0.99814,1,0.995,0.87905,0.54163,0.43383,0.88833,0.0017228,0.0017228,0.0017228
16,93.6731,0.29061,0.32529,0.93723,0.99857,1,0.995,0.8776,0.55803,0.40518,0.87783,0.001703,0.001703,0.001703
17,100.083,0.27406,0.3004,0.9285,1,0.99946,0.995,0.90644,0.48699,0.36797,0.83278,0.0016832,0.0016832,0.0016832
18,106.749,0.2744,0.29241,0.92803,0.9997,1,0.995,0.89183,0.53891,0.36376,0.87644,0.0016634,0.0016634,0.0016634
19,113.259,0.27616,0.28917,0.92937,0.99813,0.99213,0.995,0.89637,0.50467,0.3565,0.82578,0.0016436,0.0016436,0.0016436
20,119.868,0.2963,0.29888,0.93929,0.99914,1,0.995,0.90931,0.50688,0.37904,0.85272,0.0016238,0.0016238,0.0016238
21,126.566,0.24279,0.27408,0.9099,0.99912,1,0.995,0.90553,0.49772,0.36427,0.83072,0.001604,0.001604,0.001604
22,133.209,0.22395,0.2475,0.90496,0.99817,1,0.995,0.91182,0.49335,0.38356,0.82647,0.0015842,0.0015842,0.0015842
23,140.121,0.21176,0.24153,0.89619,0.99939,1,0.995,0.90603,0.50083,0.36138,0.82679,0.0015644,0.0015644,0.0015644
24,147.008,0.21543,0.23006,0.90863,0.99883,1,0.995,0.90469,0.4642,0.33846,0.79923,0.0015446,0.0015446,0.0015446
25,154.336,0.22643,0.23465,0.91502,0.98447,0.99862,0.99484,0.87398,0.55214,0.44298,0.86759,0.0015248,0.0015248,0.0015248
26,161.586,0.21689,0.23492,0.90488,0.99969,0.99213,0.995,0.90611,0.48036,0.3438,0.82153,0.001505,0.001505,0.001505
27,170.764,0.19525,0.21283,0.90005,1,0.99941,0.995,0.91042,0.43867,0.32442,0.78609,0.0014852,0.0014852,0.0014852
28,179.513,0.18022,0.19688,0.89672,0.99955,1,0.995,0.91767,0.49306,0.34991,0.84183,0.0014654,0.0014654,0.0014654
29,186.645,0.17316,0.19407,0.89152,0.99152,1,0.995,0.91647,0.45989,0.35685,0.80365,0.0014456,0.0014456,0.0014456
30,194.361,0.1743,0.19354,0.88765,0.99991,1,0.995,0.92366,0.44379,0.33812,0.79469,0.0014258,0.0014258,0.0014258
31,201.363,0.16348,0.18197,0.88147,1,0.99837,0.995,0.91739,0.47316,0.36191,0.80923,0.001406,0.001406,0.001406
32,210.629,0.15621,0.17425,0.88515,0.99117,0.99213,0.99492,0.91155,0.46404,0.33437,0.81938,0.0013862,0.0013862,0.0013862
33,219.556,0.14737,0.16059,0.87395,0.9917,1,0.99461,0.92577,0.44102,0.33828,0.7878,0.0013664,0.0013664,0.0013664
34,231.307,0.14913,0.15727,0.88368,0.99949,1,0.995,0.91856,0.45528,0.34273,0.78647,0.0013466,0.0013466,0.0013466
35,242.679,0.13373,0.14381,0.87846,0.99924,1,0.995,0.91666,0.44642,0.33679,0.78466,0.0013268,0.0013268,0.0013268
36,252.775,0.14569,0.15459,0.86652,0.99869,1,0.995,0.91682,0.4466,0.34808,0.7819,0.001307,0.001307,0.001307
37,261.786,0.13926,0.14201,0.87721,0.99949,1,0.995,0.92412,0.42752,0.33206,0.77277,0.0012872,0.0012872,0.0012872
38,269.86,0.12199,0.1315,0.87413,0.99952,1,0.995,0.92637,0.41365,0.33074,0.76248,0.0012674,0.0012674,0.0012674
39,279.055,0.11909,0.12734,0.8689,0.99121,1,0.995,0.91566,0.4235,0.34158,0.77027,0.0012476,0.0012476,0.0012476
40,291.405,0.11347,0.1229,0.87242,0.99968,1,0.995,0.93504,0.41749,0.31822,0.76152,0.0012278,0.0012278,0.0012278
41,303.015,0.10923,0.12327,0.87381,0.99989,1,0.995,0.92894,0.42598,0.34254,0.76774,0.001208,0.001208,0.001208
42,315.265,0.10192,0.12036,0.87064,1,0.99989,0.995,0.92436,0.43206,0.34665,0.77007,0.0011882,0.0011882,0.0011882
43,324.777,0.09708,0.11082,0.86422,1,0.99969,0.995,0.92659,0.43887,0.32826,0.78387,0.0011684,0.0011684,0.0011684
44,334.716,0.09923,0.11011,0.87147,0.99967,1,0.995,0.93121,0.41578,0.33821,0.77622,0.0011486,0.0011486,0.0011486
45,343.095,0.09949,0.10963,0.86903,0.99991,1,0.995,0.93273,0.42561,0.33173,0.78415,0.0011288,0.0011288,0.0011288
46,351.174,0.10263,0.11222,0.86958,0.99918,1,0.995,0.92097,0.42064,0.33861,0.75743,0.001109,0.001109,0.001109
47,363.121,0.09534,0.10553,0.86085,0.99962,1,0.995,0.92923,0.41635,0.3193,0.76216,0.0010892,0.0010892,0.0010892
48,371.132,0.09264,0.09973,0.86951,0.99961,1,0.995,0.93541,0.41818,0.32844,0.76069,0.0010694,0.0010694,0.0010694
49,381.603,0.08934,0.09693,0.86852,0.99968,1,0.995,0.92414,0.41493,0.32439,0.76001,0.0010496,0.0010496,0.0010496
50,391.215,0.09472,0.1012,0.8633,0.99964,1,0.995,0.92888,0.41706,0.33789,0.76482,0.0010298,0.0010298,0.0010298
51,403.478,0.09422,0.09844,0.86655,0.99959,1,0.995,0.91815,0.43385,0.35104,0.77817,0.00101,0.00101,0.00101
52,415.399,0.08522,0.09328,0.86604,0.99969,1,0.995,0.93055,0.41879,0.32712,0.7673,0.0009902,0.0009902,0.0009902
53,426.055,0.08079,0.09025,0.85628,0.99963,1,0.995,0.93043,0.42656,0.35542,0.7714,0.0009704,0.0009704,0.0009704
54,439.179,0.08308,0.09142,0.85915,0.9997,1,0.995,0.92771,0.42971,0.33734,0.77556,0.0009506,0.0009506,0.0009506
55,450.396,0.07933,0.08662,0.8567,0.9997,1,0.995,0.93471,0.42672,0.33764,0.76879,0.0009308,0.0009308,0.0009308
56,462.486,0.08003,0.08803,0.86239,1,0.99999,0.995,0.91702,0.43791,0.34065,0.77819,0.000911,0.000911,0.000911
57,473.85,0.08098,0.08701,0.86131,0.9997,1,0.995,0.92012,0.43057,0.33277,0.77524,0.0008912,0.0008912,0.0008912
58,484.422,0.07568,0.08521,0.86512,0.99958,1,0.995,0.92868,0.42727,0.34502,0.7747,0.0008714,0.0008714,0.0008714
59,497.225,0.07655,0.08663,0.86502,0.99967,1,0.995,0.92311,0.43663,0.34369,0.77417,0.0008516,0.0008516,0.0008516
60,507.607,0.07867,0.08665,0.86548,0.99986,1,0.995,0.93167,0.4243,0.34237,0.77767,0.0008318,0.0008318,0.0008318
61,519.294,0.07333,0.08492,0.86533,0.99965,1,0.995,0.92785,0.42135,0.3413,0.76784,0.000812,0.000812,0.000812
62,528.529,0.07016,0.08258,0.8652,0.99961,1,0.995,0.9388,0.42058,0.33777,0.76314,0.0007922,0.0007922,0.0007922
63,539.466,0.07168,0.08168,0.85794,0.99967,1,0.995,0.93074,0.43391,0.34895,0.77948,0.0007724,0.0007724,0.0007724
64,551.641,0.06641,0.08043,0.85963,0.99963,1,0.995,0.9327,0.42957,0.34175,0.77191,0.0007526,0.0007526,0.0007526
65,561.843,0.06679,0.07893,0.86266,0.99958,1,0.995,0.92928,0.42843,0.34681,0.7755,0.0007328,0.0007328,0.0007328
66,574.256,0.06106,0.0714,0.85633,0.99961,1,0.995,0.92994,0.43101,0.34885,0.77141,0.000713,0.000713,0.000713
67,586.224,0.06091,0.07048,0.85944,0.99967,1,0.995,0.93699,0.4275,0.34739,0.77487,0.0006932,0.0006932,0.0006932
68,598.703,0.06232,0.07363,0.85585,0.99989,1,0.995,0.93133,0.42748,0.35557,0.77514,0.0006734,0.0006734,0.0006734
69,609.211,0.05974,0.06984,0.84905,0.9997,1,0.995,0.9377,0.43009,0.35807,0.77595,0.0006536,0.0006536,0.0006536
70,621.734,0.06454,0.08067,0.86572,0.99964,1,0.995,0.92783,0.42264,0.35675,0.77002,0.0006338,0.0006338,0.0006338
71,634.569,0.06152,0.0696,0.86153,0.9996,1,0.995,0.92553,0.42865,0.35972,0.77228,0.000614,0.000614,0.000614
72,646.276,0.05574,0.06709,0.85356,0.99954,1,0.995,0.93413,0.42451,0.34067,0.77391,0.0005942,0.0005942,0.0005942
73,657.218,0.05656,0.0658,0.85801,0.99952,1,0.995,0.93269,0.43114,0.33673,0.77376,0.0005744,0.0005744,0.0005744
74,670.266,0.05768,0.0665,0.85231,0.99982,1,0.995,0.93565,0.43004,0.3506,0.77841,0.0005546,0.0005546,0.0005546
75,683.031,0.06197,0.07003,0.86221,0.99965,1,0.995,0.93527,0.43505,0.36998,0.7839,0.0005348,0.0005348,0.0005348
76,697.035,0.05788,0.06911,0.86049,0.99974,1,0.995,0.93082,0.42009,0.35443,0.76842,0.000515,0.000515,0.000515
77,711.329,0.05411,0.06515,0.86121,0.99991,1,0.995,0.93309,0.42527,0.3525,0.76747,0.0004952,0.0004952,0.0004952
78,724.878,0.0523,0.06355,0.85391,0.99998,1,0.995,0.92688,0.42089,0.36114,0.76877,0.0004754,0.0004754,0.0004754
79,737.824,0.04934,0.06222,0.86128,1,0.99987,0.995,0.93177,0.42131,0.35143,0.77084,0.0004556,0.0004556,0.0004556
80,751.981,0.0519,0.06342,0.85841,0.99982,1,0.995,0.93018,0.43079,0.3646,0.77718,0.0004358,0.0004358,0.0004358
81,765.334,0.04909,0.06073,0.86148,0.99971,1,0.995,0.93415,0.41486,0.35298,0.76518,0.000416,0.000416,0.000416
82,776.385,0.04824,0.0595,0.85178,0.99984,1,0.995,0.93225,0.42216,0.35924,0.76647,0.0003962,0.0003962,0.0003962
83,789.348,0.04524,0.05647,0.85457,0.99986,1,0.995,0.9319,0.41724,0.35425,0.77071,0.0003764,0.0003764,0.0003764
84,802.898,0.04195,0.05503,0.85923,0.99972,1,0.995,0.93002,0.42948,0.35752,0.77313,0.0003566,0.0003566,0.0003566
85,815.035,0.04232,0.0546,0.85696,0.99965,1,0.995,0.93688,0.41824,0.35647,0.76879,0.0003368,0.0003368,0.0003368
86,827.982,0.04143,0.05429,0.85697,0.99965,1,0.995,0.93142,0.43068,0.35666,0.7759,0.000317,0.000317,0.000317
87,840.75,0.04024,0.05433,0.86157,0.99967,1,0.995,0.93025,0.42797,0.36771,0.7777,0.0002972,0.0002972,0.0002972
88,852.249,0.04275,0.05692,0.85887,0.99969,1,0.995,0.92908,0.42192,0.36215,0.76915,0.0002774,0.0002774,0.0002774
89,864.125,0.03806,0.04977,0.8496,0.99972,1,0.995,0.92722,0.42225,0.35784,0.77187,0.0002576,0.0002576,0.0002576
90,876.164,0.03832,0.05055,0.85635,0.99967,1,0.995,0.92751,0.42408,0.36574,0.77323,0.0002378,0.0002378,0.0002378
91,925.301,0.03701,0.04987,0.84786,0.99971,1,0.995,0.9292,0.42223,0.36891,0.77329,0.000218,0.000218,0.000218
92,934.431,0.03569,0.04832,0.85618,0.99978,1,0.995,0.93057,0.41869,0.36451,0.77181,0.0001982,0.0001982,0.0001982
93,944.66,0.03496,0.04721,0.85461,0.99997,1,0.995,0.92698,0.42558,0.36919,0.77589,0.0001784,0.0001784,0.0001784
94,954.139,0.03202,0.04466,0.84754,0.99979,1,0.995,0.92685,0.41935,0.37043,0.77061,0.0001586,0.0001586,0.0001586
95,964.916,0.03183,0.0456,0.85564,0.99987,1,0.995,0.93045,0.4227,0.36924,0.77398,0.0001388,0.0001388,0.0001388
96,973.673,0.03127,0.044,0.84926,0.99985,1,0.995,0.93044,0.42171,0.37153,0.77182,0.000119,0.000119,0.000119
97,982.392,0.03052,0.04435,0.85565,0.99988,1,0.995,0.93265,0.42127,0.37161,0.77237,9.92e-05,9.92e-05,9.92e-05
98,991.706,0.02832,0.04139,0.8587,0.9999,1,0.995,0.93036,0.42003,0.36974,0.77166,7.94e-05,7.94e-05,7.94e-05
99,1000.45,0.03049,0.04582,0.85147,0.99984,1,0.995,0.92907,0.42191,0.37178,0.77296,5.96e-05,5.96e-05,5.96e-05
100,1008.41,0.02728,0.04076,0.84618,0.9998,1,0.995,0.93038,0.4212,0.37246,0.77169,3.98e-05,3.98e-05,3.98e-05
